farm_id,synthetic,farm_type,latitude,longitude,afstand_arkemheen_m,aantal_melkkoe,aantal_vleeskalf,aantal_jongvee_vlees,aantal_jongvee_melk,aantal_stier,aantal_fokzeug,aantal_vleesvarken,aantal_big,aantal_leghen,aantal_vleeskuiken,aantal_eend,aantal_melkgeit,aantal_overige_geit,aantal_schaap,aantal_paard_pony,totaal_N_excretie_kg_jr,totaal_mest_m3_jr,totaal_mest_ton_jr,geschat_biogaspotentieel_m3_jr,data_quality,amoniakinhibitie_waarschuwing
SYN-001,JA - NIET EEN ECHT BEDRIJF,varkens,52.20115,5.40626,7100,0,0,0,0,0,428,2071,964,0,0,0,0,0,0,0,26249,2871.0,2871.0,100486,LITERATURE_APPROX,
SYN-002,JA - NIET EEN ECHT BEDRIJF,melkvee,52.25007,5.47383,4970,45,0,0,55,0,0,0,0,0,0,0,0,0,0,0,7875,1320.0,1320.0,39600,OFFICIAL_RVO,
SYN-003,JA - NIET EEN ECHT BEDRIJF,vleeskalveren,52.21672,5.37744,5687,0,584,0,0,0,0,0,0,0,0,0,0,0,0,0,6424,1635.2,1635.2,49056,LITERATURE_APPROX,
SYN-004,JA - NIET EEN ECHT BEDRIJF,melkvee,52.19518,5.4483,8305,50,0,0,38,0,0,0,0,0,0,0,0,0,0,0,7710,1328.0,1328.0,39840,OFFICIAL_RVO,
SYN-005,JA - NIET EEN ECHT BEDRIJF,melkvee,52.17481,5.40263,10030,105,0,0,62,0,0,0,0,0,0,0,0,0,0,0,15390,2682.0,2682.0,80460,OFFICIAL_RVO,
SYN-006,JA - NIET EEN ECHT BEDRIJF,geiten_schapen,52.24089,5.4542,4290,0,0,0,0,0,0,0,0,0,0,0,1388,94,241,0,15997,1302.0,1302.0,36456,LITERATURE_APPROX,
SYN-007,JA - NIET EEN ECHT BEDRIJF,gemengd,52.19537,5.4608,8625,81,0,62,0,0,0,0,0,0,0,0,0,0,261,58,17588,2664.4,2664.4,78911,OFFICIAL_RVO,
SYN-008,JA - NIET EEN ECHT BEDRIJF,geiten_schapen,52.25742,5.47702,4973,0,0,0,0,0,0,0,0,0,0,0,973,133,147,0,11400,933.1,933.1,26127,LITERATURE_APPROX,
SYN-009,JA - NIET EEN ECHT BEDRIJF,varkens,52.20807,5.39617,6359,0,0,0,0,0,412,2113,1644,0,0,0,0,0,0,0,28251,3065.7,3065.7,107299,LITERATURE_APPROX,
SYN-010,JA - NIET EEN ECHT BEDRIJF,varkens,52.27346,5.42315,1552,0,0,0,0,0,140,970,1503,0,0,0,0,0,0,0,14197,1509.0,1509.0,52815,LITERATURE_APPROX,
SYN-011,JA - NIET EEN ECHT BEDRIJF,melkvee,52.18183,5.38741,9325,78,0,0,28,0,0,0,0,0,0,0,0,0,0,0,10620,1884.0,1884.0,56520,OFFICIAL_RVO,
SYN-012,JA - NIET EEN ECHT BEDRIJF,paarden,52.26183,5.46296,3960,0,0,0,0,0,0,0,0,0,0,0,0,0,0,32,1376,195.2,195.2,5466,OFFICIAL_RVO,
SYN-013,JA - NIET EEN ECHT BEDRIJF,geiten_schapen,52.25756,5.48173,5287,0,0,0,0,0,0,0,0,0,0,0,934,55,117,0,10268,844.9,844.9,23657,LITERATURE_APPROX,
SYN-014,JA - NIET EEN ECHT BEDRIJF,vleeskalveren,52.21212,5.45525,6803,0,524,0,0,0,0,0,0,0,0,0,0,0,0,0,5764,1467.2,1467.2,44016,LITERATURE_APPROX,
SYN-015,JA - NIET EEN ECHT BEDRIJF,pluimvee,52.25992,5.46516,4133,0,0,0,0,0,0,0,0,49290,58093,1156,0,0,0,0,41839,1445.0,939.3,93925,LITERATURE_APPROX,JA
SYN-016,JA - NIET EEN ECHT BEDRIJF,melkvee,52.26334,5.45903,3682,42,0,0,49,0,0,0,0,0,0,0,0,0,0,0,7245,1218.0,1218.0,36540,OFFICIAL_RVO,
SYN-017,JA - NIET EEN ECHT BEDRIJF,pluimvee,52.19616,5.41612,7692,0,0,0,0,0,0,0,0,30457,24556,816,0,0,0,0,22595,769.7,500.3,50028,LITERATURE_APPROX,JA
SYN-018,JA - NIET EEN ECHT BEDRIJF,pluimvee,52.18046,5.40769,9402,0,0,0,0,0,0,0,0,46861,40250,782,0,0,0,0,35338,1204.3,782.8,78277,LITERATURE_APPROX,JA
SYN-019,JA - NIET EEN ECHT BEDRIJF,paarden,52.18271,5.41442,9173,0,0,0,0,0,0,0,0,0,0,0,0,0,0,40,1720,244.0,244.0,6832,OFFICIAL_RVO,
SYN-020,JA - NIET EEN ECHT BEDRIJF,melkvee,52.23938,5.42736,3230,88,0,0,50,1,0,0,0,0,0,0,0,0,0,0,12877,2245.5,2245.5,67365,OFFICIAL_RVO,
SYN-021,JA - NIET EEN ECHT BEDRIJF,melkvee,52.21124,5.40422,5978,41,0,0,82,0,0,0,0,0,0,0,0,0,0,0,8610,1394.0,1394.0,41820,OFFICIAL_RVO,
SYN-022,JA - NIET EEN ECHT BEDRIJF,varkens,52.2003,5.51256,10267,0,0,0,0,0,197,797,2668,0,0,0,0,0,0,0,17661,1874.7,1874.7,65615,LITERATURE_APPROX,
SYN-023,JA - NIET EEN ECHT BEDRIJF,pluimvee,52.24069,5.46376,4828,0,0,0,0,0,0,0,0,34661,26887,1335,0,0,0,0,25528,870.4,565.7,56573,LITERATURE_APPROX,JA
SYN-024,JA - NIET EEN ECHT BEDRIJF,melkvee,52.19014,5.48164,9825,59,0,0,77,1,0,0,0,0,0,0,0,0,0,0,10612,1769.5,1769.5,53085,OFFICIAL_RVO,
SYN-025,JA - NIET EEN ECHT BEDRIJF,pluimvee,52.18932,5.42954,8580,0,0,0,0,0,0,0,0,15059,36092,1374,0,0,0,0,18408,658.6,428.1,42807,LITERATURE_APPROX,JA
SYN-026,JA - NIET EEN ECHT BEDRIJF,paarden,52.23104,5.47501,6081,0,0,0,0,0,0,0,0,0,0,0,0,0,0,56,2408,341.6,341.6,9565,OFFICIAL_RVO,
SYN-027,JA - NIET EEN ECHT BEDRIJF,paarden,52.26134,5.48862,5705,0,0,0,0,0,0,0,0,0,0,0,0,0,0,35,1505,213.5,213.5,5978,OFFICIAL_RVO,
SYN-028,JA - NIET EEN ECHT BEDRIJF,pluimvee,52.19628,5.37778,7863,0,0,0,0,0,0,0,0,52271,19264,920,0,0,0,0,31998,1062.0,690.3,69033,LITERATURE_APPROX,JA
SYN-029,JA - NIET EEN ECHT BEDRIJF,melkvee,52.20544,5.41289,6645,110,0,0,38,1,0,0,0,0,0,0,0,0,0,0,14977,2657.5,2657.5,79725,OFFICIAL_RVO,
SYN-030,JA - NIET EEN ECHT BEDRIJF,geiten_schapen,52.19436,5.51349,10784,0,0,0,0,0,0,0,0,0,0,0,1153,144,317,0,14840,1184.6,1184.6,33169,LITERATURE_APPROX,
SYN-031,JA - NIET EEN ECHT BEDRIJF,melkvee,52.26489,5.41989,1013,81,0,0,53,1,0,0,0,0,0,0,0,0,0,0,12172,2109.5,2109.5,63285,OFFICIAL_RVO,
SYN-032,JA - NIET EEN ECHT BEDRIJF,melkvee,52.24148,5.43195,3195,74,0,0,33,1,0,0,0,0,0,0,0,0,0,0,10432,1835.5,1835.5,55065,OFFICIAL_RVO,
SYN-033,JA - NIET EEN ECHT BEDRIJF,vleeskalveren,52.26894,5.44137,2513,0,610,0,0,0,0,0,0,0,0,0,0,0,0,0,6710,1708.0,1708.0,51240,LITERATURE_APPROX,
SYN-034,JA - NIET EEN ECHT BEDRIJF,melkvee,52.20008,5.40975,7226,84,0,0,79,1,0,0,0,0,0,0,0,0,0,0,13702,2331.5,2331.5,69945,OFFICIAL_RVO,
SYN-035,JA - NIET EEN ECHT BEDRIJF,pluimvee,52.23151,5.41215,3756,0,0,0,0,0,0,0,0,45868,35008,1088,0,0,0,0,33413,1135.3,737.9,73794,LITERATURE_APPROX,JA
SYN-036,JA - NIET EEN ECHT BEDRIJF,melkvee,52.23397,5.50678,7740,98,0,0,77,1,0,0,0,0,0,0,0,0,0,0,15292,2627.5,2627.5,78825,OFFICIAL_RVO,
SYN-037,JA - NIET EEN ECHT BEDRIJF,melkvee,52.21434,5.40568,5633,92,0,0,40,1,0,0,0,0,0,0,0,0,0,0,12907,2273.5,2273.5,68205,OFFICIAL_RVO,
SYN-038,JA - NIET EEN ECHT BEDRIJF,melkvee,52.27774,5.44892,3307,47,0,0,62,1,0,0,0,0,0,0,0,0,0,0,8497,1415.5,1415.5,42465,OFFICIAL_RVO,
SYN-039,JA - NIET EEN ECHT BEDRIJF,varkens,52.18164,5.38002,9424,0,0,0,0,0,346,1416,1300,0,0,0,0,0,0,0,20974,2288.7,2288.7,80104,LITERATURE_APPROX,
SYN-040,JA - NIET EEN ECHT BEDRIJF,geiten_schapen,52.18362,5.46649,9971,0,0,0,0,0,0,0,0,0,0,0,416,46,150,0,5671,445.8,445.8,12482,LITERATURE_APPROX,
SYN-041,JA - NIET EEN ECHT BEDRIJF,melkvee,52.25596,5.4359,2331,30,0,0,60,1,0,0,0,0,0,0,0,0,0,0,6367,1029.5,1029.5,30885,OFFICIAL_RVO,
SYN-042,JA - NIET EEN ECHT BEDRIJF,varkens,52.17873,5.42986,9741,0,0,0,0,0,189,1402,1170,0,0,0,0,0,0,0,17236,1847.0,1847.0,64644,LITERATURE_APPROX,
SYN-043,JA - NIET EEN ECHT BEDRIJF,melkvee,52.24426,5.45301,4000,54,0,0,31,1,0,0,0,0,0,0,0,0,0,0,7942,1383.5,1383.5,41505,OFFICIAL_RVO,
SYN-044,JA - NIET EEN ECHT BEDRIJF,melkvee,52.20028,5.4685,8396,50,0,0,70,1,0,0,0,0,0,0,0,0,0,0,9217,1529.5,1529.5,45885,OFFICIAL_RVO,
SYN-045,JA - NIET EEN ECHT BEDRIJF,pluimvee,52.18382,5.43778,9299,0,0,0,0,0,0,0,0,51084,64807,505,0,0,0,0,44488,1537.8,999.6,99957,LITERATURE_APPROX,JA
SYN-046,JA - NIET EEN ECHT BEDRIJF,melkvee,52.22009,5.51512,9009,45,0,0,56,1,0,0,0,0,0,0,0,0,0,0,7987,1335.5,1335.5,40065,OFFICIAL_RVO,
SYN-047,JA - NIET EEN ECHT BEDRIJF,melkvee,52.26484,5.41224,493,106,0,0,71,1,0,0,0,0,0,0,0,0,0,0,15982,2767.5,2767.5,83025,OFFICIAL_RVO,
SYN-048,JA - NIET EEN ECHT BEDRIJF,gemengd,52.22506,5.39962,4456,100,0,41,0,0,0,0,0,0,0,0,0,0,240,36,17769,2809.6,2809.6,83561,OFFICIAL_RVO,
SYN-049,JA - NIET EEN ECHT BEDRIJF,vleeskalveren,52.20364,5.4682,8067,0,1322,0,0,0,0,0,0,0,0,0,0,0,0,0,14542,3701.6,3701.6,111048,LITERATURE_APPROX,
SYN-050,JA - NIET EEN ECHT BEDRIJF,gemengd,52.23655,5.39577,3225,54,0,61,0,0,0,0,0,0,0,0,0,0,247,60,14250,2068.2,2068.2,61018,OFFICIAL_RVO,
SYN-051,JA - NIET EEN ECHT BEDRIJF,geiten_schapen,52.25283,5.45337,3559,0,0,0,0,0,0,0,0,0,0,0,978,58,195,0,11472,928.4,928.4,25995,LITERATURE_APPROX,
SYN-052,JA - NIET EEN ECHT BEDRIJF,melkvee,52.25453,5.45202,3405,82,0,0,55,1,0,0,0,0,0,0,0,0,0,0,12382,2143.5,2143.5,64305,OFFICIAL_RVO,
SYN-053,JA - NIET EEN ECHT BEDRIJF,vleeskalveren,52.17206,5.4213,10394,0,1547,0,0,0,0,0,0,0,0,0,0,0,0,0,17017,4331.6,4331.6,129948,LITERATURE_APPROX,
SYN-054,JA - NIET EEN ECHT BEDRIJF,varkens,52.2046,5.38163,6902,0,0,0,0,0,161,1482,1747,0,0,0,0,0,0,0,18948,2008.5,2008.5,70296,LITERATURE_APPROX,
SYN-055,JA - NIET EEN ECHT BEDRIJF,varkens,52.18108,5.44541,9729,0,0,0,0,0,438,1968,1687,0,0,0,0,0,0,0,27904,3037.7,3037.7,106321,LITERATURE_APPROX,
SYN-056,JA - NIET EEN ECHT BEDRIJF,varkens,52.17934,5.48633,11019,0,0,0,0,0,313,1864,1367,0,0,0,0,0,0,0,23628,2553.3,2553.3,89366,LITERATURE_APPROX,
SYN-057,JA - NIET EEN ECHT BEDRIJF,melkvee,52.25318,5.39213,1579,60,0,0,21,0,0,0,0,0,0,0,0,0,0,0,8145,1446.0,1446.0,43380,OFFICIAL_RVO,
SYN-058,JA - NIET EEN ECHT BEDRIJF,gemengd,52.22238,5.45492,5832,104,0,56,0,0,0,0,0,0,0,0,0,0,238,22,18302,2901.0,2901.0,86476,OFFICIAL_RVO,
SYN-059,JA - NIET EEN ECHT BEDRIJF,melkvee,52.2001,5.50299,9829,66,0,0,42,1,0,0,0,0,0,0,0,0,0,0,9877,1713.5,1713.5,51405,OFFICIAL_RVO,
SYN-060,JA - NIET EEN ECHT BEDRIJF,varkens,52.21685,5.40456,5354,0,0,0,0,0,279,2439,1303,0,0,0,0,0,0,0,26757,2868.9,2868.9,100410,LITERATURE_APPROX,
SYN-061,JA - NIET EEN ECHT BEDRIJF,vleeskalveren,52.22917,5.48176,6571,0,1040,0,0,0,0,0,0,0,0,0,0,0,0,0,11440,2912.0,2912.0,87360,LITERATURE_APPROX,
SYN-062,JA - NIET EEN ECHT BEDRIJF,gemengd,52.19332,5.41945,8031,50,0,16,0,0,0,0,0,0,0,0,0,0,222,44,10810,1597.6,1597.6,47125,OFFICIAL_RVO,
SYN-063,JA - NIET EEN ECHT BEDRIJF,gemengd,52.21844,5.45012,6020,48,0,50,0,0,0,0,0,0,0,0,0,0,329,73,14406,1998.7,1998.7,58676,OFFICIAL_RVO,
SYN-064,JA - NIET EEN ECHT BEDRIJF,paarden,52.18483,5.40648,8915,0,0,0,0,0,0,0,0,0,0,0,0,0,0,74,3182,451.4,451.4,12639,OFFICIAL_RVO,
SYN-065,JA - NIET EEN ECHT BEDRIJF,gemengd,52.20784,5.46066,7400,74,0,48,0,0,0,0,0,0,0,0,0,0,139,23,13405,2139.7,2139.7,63744,OFFICIAL_RVO,
SYN-066,JA - NIET EEN ECHT BEDRIJF,melkvee,52.19639,5.40581,7629,49,0,0,22,1,0,0,0,0,0,0,0,0,0,0,6937,1219.5,1219.5,36585,OFFICIAL_RVO,
SYN-067,JA - NIET EEN ECHT BEDRIJF,pluimvee,52.17953,5.46703,10401,0,0,0,0,0,0,0,0,49411,29416,652,0,0,0,0,33432,1123.9,730.6,73056,LITERATURE_APPROX,JA
SYN-068,JA - NIET EEN ECHT BEDRIJF,melkvee,52.19627,5.50791,10370,76,0,0,80,1,0,0,0,0,0,0,0,0,0,0,12787,2161.5,2161.5,64845,OFFICIAL_RVO,
SYN-069,JA - NIET EEN ECHT BEDRIJF,melkvee,52.19723,5.47268,8834,102,0,0,77,1,0,0,0,0,0,0,0,0,0,0,15772,2715.5,2715.5,81465,OFFICIAL_RVO,
SYN-070,JA - NIET EEN ECHT BEDRIJF,melkvee,52.19471,5.39271,7861,61,0,0,74,1,0,0,0,0,0,0,0,0,0,0,10717,1795.5,1795.5,53865,OFFICIAL_RVO,
SYN-071,JA - NIET EEN ECHT BEDRIJF,melkvee,52.27116,5.45809,3677,46,0,0,41,0,0,0,0,0,0,0,0,0,0,0,7365,1258.0,1258.0,37740,OFFICIAL_RVO,
SYN-072,JA - NIET EEN ECHT BEDRIJF,vleeskalveren,52.2221,5.48991,7495,0,546,0,0,0,0,0,0,0,0,0,0,0,0,0,6006,1528.8,1528.8,45864,LITERATURE_APPROX,
SYN-073,JA - NIET EEN ECHT BEDRIJF,vleeskalveren,52.25759,5.40137,860,0,984,0,0,0,0,0,0,0,0,0,0,0,0,0,10824,2755.2,2755.2,82656,LITERATURE_APPROX,
SYN-074,JA - NIET EEN ECHT BEDRIJF,melkvee,52.18227,5.43723,9457,110,0,0,25,1,0,0,0,0,0,0,0,0,0,0,14392,2579.5,2579.5,77385,OFFICIAL_RVO,
SYN-075,JA - NIET EEN ECHT BEDRIJF,melkvee,52.2169,5.44259,5929,70,0,0,77,1,0,0,0,0,0,0,0,0,0,0,11932,2011.5,2011.5,60345,OFFICIAL_RVO,
